site,S,R_500,R_1000,R_1500,R_2000,R_2500,R_3000,R_3500,R_4000,R_4500,R_5000
1,13,0.0221,0.0122,0.0214,0.0218,0.0171,0.0345,0.0812,0.1885,0.0679,0.0245
1,12,0.0221,0.0122,0.0214,0.0218,0.0171,0.0345,0.0812,0.1885,0.0679,0.0245
1,13,0.0221,0.0122,0.0214,0.0218,0.0171,0.0345,0.0812,0.1885,0.0679,0.0245
1,11,0.0221,0.0122,0.0214,0.0218,0.0171,0.0345,0.0812,0.1885,0.0679,0.0245
1,10,0.0221,0.0122,0.0214,0.0218,0.0171,0.0345,0.0812,0.1885,0.0679,0.0245
1,15,0.0221,0.0122,0.0214,0.0218,0.0171,0.0345,0.0812,0.1885,0.0679,0.0245
1,10,0.0221,0.0122,0.0214,0.0218,0.0171,0.0345,0.0812,0.1885,0.0679,0.0245
1,13,0.0221,0.0122,0.0214,0.0218,0.0171,0.0345,0.0812,0.1885,0.0679,0.0245
1,16,0.0221,0.0122,0.0214,0.0218,0.0171,0.0345,0.0812,0.1885,0.0679,0.0245
1,15,0.0221,0.0122,0.0214,0.0218,0.0171,0.0345,0.0812,0.1885,0.0679,0.0245
2,3,0.01,0.02,0.03,0.02,0.01,0.04,0.02,0.0236,0.02,0.01
2,1,0.01,0.02,0.03,0.02,0.01,0.04,0.02,0.0236,0.02,0.01
2,5,0.01,0.02,0.03,0.02,0.01,0.04,0.02,0.0236,0.02,0.01
2,0,0.01,0.02,0.03,0.02,0.01,0.04,0.02,0.0236,0.02,0.01
2,8,0.01,0.02,0.03,0.02,0.01,0.04,0.02,0.0236,0.02,0.01
2,5,0.01,0.02,0.03,0.02,0.01,0.04,0.02,0.0236,0.02,0.01
2,7,0.01,0.02,0.03,0.02,0.01,0.04,0.02,0.0236,0.02,0.01
2,5,0.01,0.02,0.03,0.02,0.01,0.04,0.02,0.0236,0.02,0.01
2,6,0.01,0.02,0.03,0.02,0.01,0.04,0.02,0.0236,0.02,0.01
2,3,0.01,0.02,0.03,0.02,0.01,0.04,0.02,0.0236,0.02,0.01
3,31,0.0908,0.077,0.0911,0.0865,0.076,0.1297,0.2333,0.424,0.1973,0.0919
3,20,0.0908,0.077,0.0911,0.0865,0.076,0.1297,0.2333,0.424,0.1973,0.0919
3,17,0.0908,0.077,0.0911,0.0865,0.076,0.1297,0.2333,0.424,0.1973,0.0919
3,24,0.0908,0.077,0.0911,0.0865,0.076,0.1297,0.2333,0.424,0.1973,0.0919
3,28,0.0908,0.077,0.0911,0.0865,0.076,0.1297,0.2333,0.424,0.1973,0.0919
3,27,0.0908,0.077,0.0911,0.0865,0.076,0.1297,0.2333,0.424,0.1973,0.0919
3,25,0.0908,0.077,0.0911,0.0865,0.076,0.1297,0.2333,0.424,0.1973,0.0919
3,26,0.0908,0.077,0.0911,0.0865,0.076,0.1297,0.2333,0.424,0.1973,0.0919
3,26,0.0908,0.077,0.0911,0.0865,0.076,0.1297,0.2333,0.424,0.1973,0.0919
3,19,0.0908,0.077,0.0911,0.0865,0.076,0.1297,0.2333,0.424,0.1973,0.0919
4,22,0.0762,0.0708,0.0772,0.0719,0.0651,0.1061,0.1731,0.2968,0.1472,0.0752
4,23,0.0762,0.0708,0.0772,0.0719,0.0651,0.1061,0.1731,0.2968,0.1472,0.0752
4,16,0.0762,0.0708,0.0772,0.0719,0.0651,0.1061,0.1731,0.2968,0.1472,0.0752
4,14,0.0762,0.0708,0.0772,0.0719,0.0651,0.1061,0.1731,0.2968,0.1472,0.0752
4,17,0.0762,0.0708,0.0772,0.0719,0.0651,0.1061,0.1731,0.2968,0.1472,0.0752
4,16,0.0762,0.0708,0.0772,0.0719,0.0651,0.1061,0.1731,0.2968,0.1472,0.0752
4,20,0.0762,0.0708,0.0772,0.0719,0.0651,0.1061,0.1731,0.2968,0.1472,0.0752
4,13,0.0762,0.0708,0.0772,0.0719,0.0651,0.1061,0.1731,0.2968,0.1472,0.0752
4,17,0.0762,0.0708,0.0772,0.0719,0.0651,0.1061,0.1731,0.2968,0.1472,0.0752
4,20,0.0762,0.0708,0.0772,0.0719,0.0651,0.1061,0.1731,0.2968,0.1472,0.0752
5,1,0.0277,0.0378,0.0295,0.0249,0.0262,0.0333,0.0185,0.02,0.0174,0.0236
5,5,0.0277,0.0378,0.0295,0.0249,0.0262,0.0333,0.0185,0.02,0.0174,0.0236
5,4,0.0277,0.0378,0.0295,0.0249,0.0262,0.0333,0.0185,0.02,0.0174,0.0236
5,1,0.0277,0.0378,0.0295,0.0249,0.0262,0.0333,0.0185,0.02,0.0174,0.0236
5,1,0.0277,0.0378,0.0295,0.0249,0.0262,0.0333,0.0185,0.02,0.0174,0.0236
5,4,0.0277,0.0378,0.0295,0.0249,0.0262,0.0333,0.0185,0.02,0.0174,0.0236
5,1,0.0277,0.0378,0.0295,0.0249,0.0262,0.0333,0.0185,0.02,0.0174,0.0236
5,1,0.0277,0.0378,0.0295,0.0249,0.0262,0.0333,0.0185,0.02,0.0174,0.0236
5,3,0.0277,0.0378,0.0295,0.0249,0.0262,0.0333,0.0185,0.02,0.0174,0.0236
5,4,0.0277,0.0378,0.0295,0.0249,0.0262,0.0333,0.0185,0.02,0.0174,0.0236
6,24,0.1223,0.1178,0.1244,0.115,0.1053,0.1684,0.2624,0.4193,0.2236,0.1194
6,32,0.1223,0.1178,0.1244,0.115,0.1053,0.1684,0.2624,0.4193,0.2236,0.1194
6,22,0.1223,0.1178,0.1244,0.115,0.1053,0.1684,0.2624,0.4193,0.2236,0.1194
6,18,0.1223,0.1178,0.1244,0.115,0.1053,0.1684,0.2624,0.4193,0.2236,0.1194
6,22,0.1223,0.1178,0.1244,0.115,0.1053,0.1684,0.2624,0.4193,0.2236,0.1194
6,18,0.1223,0.1178,0.1244,0.115,0.1053,0.1684,0.2624,0.4193,0.2236,0.1194
6,36,0.1223,0.1178,0.1244,0.115,0.1053,0.1684,0.2624,0.4193,0.2236,0.1194
6,31,0.1223,0.1178,0.1244,0.115,0.1053,0.1684,0.2624,0.4193,0.2236,0.1194
6,23,0.1223,0.1178,0.1244,0.115,0.1053,0.1684,0.2624,0.4193,0.2236,0.1194
6,22,0.1223,0.1178,0.1244,0.115,0.1053,0.1684,0.2624,0.4193,0.2236,0.1194
7,16,0.1039,0.1086,0.1067,0.0968,0.0913,0.1394,0.1917,0.2732,0.1646,0.0988
7,12,0.1039,0.1086,0.1067,0.0968,0.0913,0.1394,0.1917,0.2732,0.1646,0.0988
7,16,0.1039,0.1086,0.1067,0.0968,0.0913,0.1394,0.1917,0.2732,0.1646,0.0988
7,8,0.1039,0.1086,0.1067,0.0968,0.0913,0.1394,0.1917,0.2732,0.1646,0.0988
7,10,0.1039,0.1086,0.1067,0.0968,0.0913,0.1394,0.1917,0.2732,0.1646,0.0988
7,17,0.1039,0.1086,0.1067,0.0968,0.0913,0.1394,0.1917,0.2732,0.1646,0.0988
7,18,0.1039,0.1086,0.1067,0.0968,0.0913,0.1394,0.1917,0.2732,0.1646,0.0988
7,18,0.1039,0.1086,0.1067,0.0968,0.0913,0.1394,0.1917,0.2732,0.1646,0.0988
7,20,0.1039,0.1086,0.1067,0.0968,0.0913,0.1394,0.1917,0.2732,0.1646,0.0988
7,15,0.1039,0.1086,0.1067,0.0968,0.0913,0.1394,0.1917,0.2732,0.1646,0.0988
8,5,0.0705,0.0876,0.0741,0.0642,0.0649,0.0885,0.079,0.0518,0.0702,0.0627
8,5,0.0705,0.0876,0.0741,0.0642,0.0649,0.0885,0.079,0.0518,0.0702,0.0627
8,8,0.0705,0.0876,0.0741,0.0642,0.0649,0.0885,0.079,0.0518,0.0702,0.0627
8,4,0.0705,0.0876,0.0741,0.0642,0.0649,0.0885,0.079,0.0518,0.0702,0.0627
8,7,0.0705,0.0876,0.0741,0.0642,0.0649,0.0885,0.079,0.0518,0.0702,0.0627
8,5,0.0705,0.0876,0.0741,0.0642,0.0649,0.0885,0.079,0.0518,0.0702,0.0627
8,4,0.0705,0.0876,0.0741,0.0642,0.0649,0.0885,0.079,0.0518,0.0702,0.0627
8,3,0.0705,0.0876,0.0741,0.0642,0.0649,0.0885,0.079,0.0518,0.0702,0.0627
8,6,0.0705,0.0876,0.0741,0.0642,0.0649,0.0885,0.079,0.0518,0.0702,0.0627
8,8,0.0705,0.0876,0.0741,0.0642,0.0649,0.0885,0.079,0.0518,0.0702,0.0627
9,25,0.1613,0.1646,0.1652,0.1507,0.1409,0.2182,0.3124,0.4522,0.2676,0.1546
9,23,0.1613,0.1646,0.1652,0.1507,0.1409,0.2182,0.3124,0.4522,0.2676,0.1546
9,22,0.1613,0.1646,0.1652,0.1507,0.1409,0.2182,0.3124,0.4522,0.2676,0.1546
9,31,0.1613,0.1646,0.1652,0.1507,0.1409,0.2182,0.3124,0.4522,0.2676,0.1546
9,20,0.1613,0.1646,0.1652,0.1507,0.1409,0.2182,0.3124,0.4522,0.2676,0.1546
9,24,0.1613,0.1646,0.1652,0.1507,0.1409,0.2182,0.3124,0.4522,0.2676,0.1546
9,11,0.1613,0.1646,0.1652,0.1507,0.1409,0.2182,0.3124,0.4522,0.2676,0.1546
9,29,0.1613,0.1646,0.1652,0.1507,0.1409,0.2182,0.3124,0.4522,0.2676,0.1546
9,26,0.1613,0.1646,0.1652,0.1507,0.1409,0.2182,0.3124,0.4522,0.2676,0.1546
9,32,0.1613,0.1646,0.1652,0.1507,0.1409,0.2182,0.3124,0.4522,0.2676,0.1546
10,13,0.1241,0.1405,0.1288,0.1145,0.1114,0.1617,0.1893,0.2119,0.1644,0.1146
10,15,0.1241,0.1405,0.1288,0.1145,0.1114,0.1617,0.1893,0.2119,0.1644,0.1146
10,10,0.1241,0.1405,0.1288,0.1145,0.1114,0.1617,0.1893,0.2119,0.1644,0.1146
10,14,0.1241,0.1405,0.1288,0.1145,0.1114,0.1617,0.1893,0.2119,0.1644,0.1146
10,9,0.1241,0.1405,0.1288,0.1145,0.1114,0.1617,0.1893,0.2119,0.1644,0.1146
10,11,0.1241,0.1405,0.1288,0.1145,0.1114,0.1617,0.1893,0.2119,0.1644,0.1146
10,13,0.1241,0.1405,0.1288,0.1145,0.1114,0.1617,0.1893,0.2119,0.1644,0.1146
10,12,0.1241,0.1405,0.1288,0.1145,0.1114,0.1617,0.1893,0.2119,0.1644,0.1146
10,20,0.1241,0.1405,0.1288,0.1145,0.1114,0.1617,0.1893,0.2119,0.1644,0.1146
10,13,0.1241,0.1405,0.1288,0.1145,0.1114,0.1617,0.1893,0.2119,0.1644,0.1146
11,11,0.117,0.1403,0.1224,0.1071,0.1067,0.1491,0.15,0.1224,0.1319,0.1057
11,4,0.117,0.1403,0.1224,0.1071,0.1067,0.1491,0.15,0.1224,0.1319,0.1057
11,8,0.117,0.1403,0.1224,0.1071,0.1067,0.1491,0.15,0.1224,0.1319,0.1057
11,13,0.117,0.1403,0.1224,0.1071,0.1067,0.1491,0.15,0.1224,0.1319,0.1057
11,7,0.117,0.1403,0.1224,0.1071,0.1067,0.1491,0.15,0.1224,0.1319,0.1057
11,7,0.117,0.1403,0.1224,0.1071,0.1067,0.1491,0.15,0.1224,0.1319,0.1057
11,9,0.117,0.1403,0.1224,0.1071,0.1067,0.1491,0.15,0.1224,0.1319,0.1057
11,13,0.117,0.1403,0.1224,0.1071,0.1067,0.1491,0.15,0.1224,0.1319,0.1057
11,15,0.117,0.1403,0.1224,0.1071,0.1067,0.1491,0.15,0.1224,0.1319,0.1057
11,11,0.117,0.1403,0.1224,0.1071,0.1067,0.1491,0.15,0.1224,0.1319,0.1057
12,31,0.2116,0.2203,0.2172,0.1973,0.1858,0.2843,0.3938,0.5416,0.338,0.2015
12,25,0.2116,0.2203,0.2172,0.1973,0.1858,0.2843,0.3938,0.5416,0.338,0.2015
12,36,0.2116,0.2203,0.2172,0.1973,0.1858,0.2843,0.3938,0.5416,0.338,0.2015
12,28,0.2116,0.2203,0.2172,0.1973,0.1858,0.2843,0.3938,0.5416,0.338,0.2015
12,30,0.2116,0.2203,0.2172,0.1973,0.1858,0.2843,0.3938,0.5416,0.338,0.2015
12,31,0.2116,0.2203,0.2172,0.1973,0.1858,0.2843,0.3938,0.5416,0.338,0.2015
12,23,0.2116,0.2203,0.2172,0.1973,0.1858,0.2843,0.3938,0.5416,0.338,0.2015
12,31,0.2116,0.2203,0.2172,0.1973,0.1858,0.2843,0.3938,0.5416,0.338,0.2015
12,19,0.2116,0.2203,0.2172,0.1973,0.1858,0.2843,0.3938,0.5416,0.338,0.2015
12,31,0.2116,0.2203,0.2172,0.1973,0.1858,0.2843,0.3938,0.5416,0.338,0.2015
13,20,0.1782,0.1992,0.1846,0.1646,0.1593,0.2333,0.2812,0.3202,0.2437,0.1654
13,14,0.1782,0.1992,0.1846,0.1646,0.1593,0.2333,0.2812,0.3202,0.2437,0.1654
13,18,0.1782,0.1992,0.1846,0.1646,0.1593,0.2333,0.2812,0.3202,0.2437,0.1654
13,20,0.1782,0.1992,0.1846,0.1646,0.1593,0.2333,0.2812,0.3202,0.2437,0.1654
13,17,0.1782,0.1992,0.1846,0.1646,0.1593,0.2333,0.2812,0.3202,0.2437,0.1654
13,9,0.1782,0.1992,0.1846,0.1646,0.1593,0.2333,0.2812,0.3202,0.2437,0.1654
13,18,0.1782,0.1992,0.1846,0.1646,0.1593,0.2333,0.2812,0.3202,0.2437,0.1654
13,28,0.1782,0.1992,0.1846,0.1646,0.1593,0.2333,0.2812,0.3202,0.2437,0.1654
13,24,0.1782,0.1992,0.1846,0.1646,0.1593,0.2333,0.2812,0.3202,0.2437,0.1654
13,25,0.1782,0.1992,0.1846,0.1646,0.1593,0.2333,0.2812,0.3202,0.2437,0.1654
14,5,0.141,0.1751,0.1482,0.1284,0.1298,0.1769,0.1581,0.0799,0.1405,0.1254
14,3,0.141,0.1751,0.1482,0.1284,0.1298,0.1769,0.1581,0.0799,0.1405,0.1254
14,7,0.141,0.1751,0.1482,0.1284,0.1298,0.1769,0.1581,0.0799,0.1405,0.1254
14,5,0.141,0.1751,0.1482,0.1284,0.1298,0.1769,0.1581,0.0799,0.1405,0.1254
14,5,0.141,0.1751,0.1482,0.1284,0.1298,0.1769,0.1581,0.0799,0.1405,0.1254
14,7,0.141,0.1751,0.1482,0.1284,0.1298,0.1769,0.1581,0.0799,0.1405,0.1254
14,5,0.141,0.1751,0.1482,0.1284,0.1298,0.1769,0.1581,0.0799,0.1405,0.1254
14,3,0.141,0.1751,0.1482,0.1284,0.1298,0.1769,0.1581,0.0799,0.1405,0.1254
14,6,0.141,0.1751,0.1482,0.1284,0.1298,0.1769,0.1581,0.0799,0.1405,0.1254
14,5,0.141,0.1751,0.1482,0.1284,0.1298,0.1769,0.1581,0.0799,0.1405,0.1254
15,30,0.228,0.2492,0.2355,0.2113,0.2027,0.3011,0.3809,0.4615,0.329,0.2135
15,34,0.228,0.2492,0.2355,0.2113,0.2027,0.3011,0.3809,0.4615,0.329,0.2135
15,29,0.228,0.2492,0.2355,0.2113,0.2027,0.3011,0.3809,0.4615,0.329,0.2135
15,27,0.228,0.2492,0.2355,0.2113,0.2027,0.3011,0.3809,0.4615,0.329,0.2135
15,24,0.228,0.2492,0.2355,0.2113,0.2027,0.3011,0.3809,0.4615,0.329,0.2135
15,23,0.228,0.2492,0.2355,0.2113,0.2027,0.3011,0.3809,0.4615,0.329,0.2135
15,26,0.228,0.2492,0.2355,0.2113,0.2027,0.3011,0.3809,0.4615,0.329,0.2135
15,25,0.228,0.2492,0.2355,0.2113,0.2027,0.3011,0.3809,0.4615,0.329,0.2135
15,18,0.228,0.2492,0.2355,0.2113,0.2027,0.3011,0.3809,0.4615,0.329,0.2135
15,31,0.228,0.2492,0.2355,0.2113,0.2027,0.3011,0.3809,0.4615,0.329,0.2135
16,11,0.1946,0.2281,0.2029,0.1787,0.1763,0.2502,0.2683,0.24,0.2346,0.1774
16,16,0.1946,0.2281,0.2029,0.1787,0.1763,0.2502,0.2683,0.24,0.2346,0.1774
16,14,0.1946,0.2281,0.2029,0.1787,0.1763,0.2502,0.2683,0.24,0.2346,0.1774
16,19,0.1946,0.2281,0.2029,0.1787,0.1763,0.2502,0.2683,0.24,0.2346,0.1774
16,9,0.1946,0.2281,0.2029,0.1787,0.1763,0.2502,0.2683,0.24,0.2346,0.1774
16,16,0.1946,0.2281,0.2029,0.1787,0.1763,0.2502,0.2683,0.24,0.2346,0.1774
16,13,0.1946,0.2281,0.2029,0.1787,0.1763,0.2502,0.2683,0.24,0.2346,0.1774
16,11,0.1946,0.2281,0.2029,0.1787,0.1763,0.2502,0.2683,0.24,0.2346,0.1774
16,17,0.1946,0.2281,0.2029,0.1787,0.1763,0.2502,0.2683,0.24,0.2346,0.1774
16,11,0.1946,0.2281,0.2029,0.1787,0.1763,0.2502,0.2683,0.24,0.2346,0.1774
17,14,0.1838,0.2248,0.1927,0.1677,0.1685,0.2321,0.2186,0.1317,0.1933,0.1645
17,6,0.1838,0.2248,0.1927,0.1677,0.1685,0.2321,0.2186,0.1317,0.1933,0.1645
17,3,0.1838,0.2248,0.1927,0.1677,0.1685,0.2321,0.2186,0.1317,0.1933,0.1645
17,8,0.1838,0.2248,0.1927,0.1677,0.1685,0.2321,0.2186,0.1317,0.1933,0.1645
17,9,0.1838,0.2248,0.1927,0.1677,0.1685,0.2321,0.2186,0.1317,0.1933,0.1645
17,7,0.1838,0.2248,0.1927,0.1677,0.1685,0.2321,0.2186,0.1317,0.1933,0.1645
17,6,0.1838,0.2248,0.1927,0.1677,0.1685,0.2321,0.2186,0.1317,0.1933,0.1645
17,7,0.1838,0.2248,0.1927,0.1677,0.1685,0.2321,0.2186,0.1317,0.1933,0.1645
17,6,0.1838,0.2248,0.1927,0.1677,0.1685,0.2321,0.2186,0.1317,0.1933,0.1645
17,9,0.1838,0.2248,0.1927,0.1677,0.1685,0.2321,0.2186,0.1317,0.1933,0.1645
18,24,0.252,0.284,0.2613,0.2326,0.2258,0.3289,0.389,0.419,0.3376,0.2332
18,13,0.252,0.284,0.2613,0.2326,0.2258,0.3289,0.389,0.419,0.3376,0.2332
18,16,0.252,0.284,0.2613,0.2326,0.2258,0.3289,0.389,0.419,0.3376,0.2332
18,16,0.252,0.284,0.2613,0.2326,0.2258,0.3289,0.389,0.419,0.3376,0.2332
18,11,0.252,0.284,0.2613,0.2326,0.2258,0.3289,0.389,0.419,0.3376,0.2332
18,22,0.252,0.284,0.2613,0.2326,0.2258,0.3289,0.389,0.419,0.3376,0.2332
18,21,0.252,0.284,0.2613,0.2326,0.2258,0.3289,0.389,0.419,0.3376,0.2332
18,28,0.252,0.284,0.2613,0.2326,0.2258,0.3289,0.389,0.419,0.3376,0.2332
18,28,0.252,0.284,0.2613,0.2326,0.2258,0.3289,0.389,0.419,0.3376,0.2332
18,21,0.252,0.284,0.2613,0.2326,0.2258,0.3289,0.389,0.419,0.3376,0.2332
19,25,0.2562,0.2927,0.2662,0.2361,0.2305,0.3327,0.3812,0.386,0.3316,0.2359
19,21,0.2562,0.2927,0.2662,0.2361,0.2305,0.3327,0.3812,0.386,0.3316,0.2359
19,13,0.2562,0.2927,0.2662,0.2361,0.2305,0.3327,0.3812,0.386,0.3316,0.2359
19,21,0.2562,0.2927,0.2662,0.2361,0.2305,0.3327,0.3812,0.386,0.3316,0.2359
19,20,0.2562,0.2927,0.2662,0.2361,0.2305,0.3327,0.3812,0.386,0.3316,0.2359
19,19,0.2562,0.2927,0.2662,0.2361,0.2305,0.3327,0.3812,0.386,0.3316,0.2359
19,22,0.2562,0.2927,0.2662,0.2361,0.2305,0.3327,0.3812,0.386,0.3316,0.2359
19,21,0.2562,0.2927,0.2662,0.2361,0.2305,0.3327,0.3812,0.386,0.3316,0.2359
19,18,0.2562,0.2927,0.2662,0.2361,0.2305,0.3327,0.3812,0.386,0.3316,0.2359
19,18,0.2562,0.2927,0.2662,0.2361,0.2305,0.3327,0.3812,0.386,0.3316,0.2359
20,4,0.2077,0.2597,0.2185,0.189,0.1916,0.2599,0.2266,0.0892,0.2019,0.1842
20,3,0.2077,0.2597,0.2185,0.189,0.1916,0.2599,0.2266,0.0892,0.2019,0.1842
20,4,0.2077,0.2597,0.2185,0.189,0.1916,0.2599,0.2266,0.0892,0.2019,0.1842
20,3,0.2077,0.2597,0.2185,0.189,0.1916,0.2599,0.2266,0.0892,0.2019,0.1842
20,2,0.2077,0.2597,0.2185,0.189,0.1916,0.2599,0.2266,0.0892,0.2019,0.1842
20,2,0.2077,0.2597,0.2185,0.189,0.1916,0.2599,0.2266,0.0892,0.2019,0.1842
20,3,0.2077,0.2597,0.2185,0.189,0.1916,0.2599,0.2266,0.0892,0.2019,0.1842
20,1,0.2077,0.2597,0.2185,0.189,0.1916,0.2599,0.2266,0.0892,0.2019,0.1842
20,5,0.2077,0.2597,0.2185,0.189,0.1916,0.2599,0.2266,0.0892,0.2019,0.1842
20,9,0.2077,0.2597,0.2185,0.189,0.1916,0.2599,0.2266,0.0892,0.2019,0.1842
21,35,0.3098,0.3457,0.3208,0.2863,0.2769,0.406,0.4914,0.5462,0.4257,0.2878
21,33,0.3098,0.3457,0.3208,0.2863,0.2769,0.406,0.4914,0.5462,0.4257,0.2878
21,29,0.3098,0.3457,0.3208,0.2863,0.2769,0.406,0.4914,0.5462,0.4257,0.2878
21,30,0.3098,0.3457,0.3208,0.2863,0.2769,0.406,0.4914,0.5462,0.4257,0.2878
21,23,0.3098,0.3457,0.3208,0.2863,0.2769,0.406,0.4914,0.5462,0.4257,0.2878
21,27,0.3098,0.3457,0.3208,0.2863,0.2769,0.406,0.4914,0.5462,0.4257,0.2878
21,26,0.3098,0.3457,0.3208,0.2863,0.2769,0.406,0.4914,0.5462,0.4257,0.2878
21,31,0.3098,0.3457,0.3208,0.2863,0.2769,0.406,0.4914,0.5462,0.4257,0.2878
21,29,0.3098,0.3457,0.3208,0.2863,0.2769,0.406,0.4914,0.5462,0.4257,0.2878
21,28,0.3098,0.3457,0.3208,0.2863,0.2769,0.406,0.4914,0.5462,0.4257,0.2878
22,17,0.299,0.3424,0.3107,0.2754,0.2691,0.3879,0.4417,0.4378,0.3844,0.275
22,24,0.299,0.3424,0.3107,0.2754,0.2691,0.3879,0.4417,0.4378,0.3844,0.275
22,27,0.299,0.3424,0.3107,0.2754,0.2691,0.3879,0.4417,0.4378,0.3844,0.275
22,17,0.299,0.3424,0.3107,0.2754,0.2691,0.3879,0.4417,0.4378,0.3844,0.275
22,14,0.299,0.3424,0.3107,0.2754,0.2691,0.3879,0.4417,0.4378,0.3844,0.275
22,30,0.299,0.3424,0.3107,0.2754,0.2691,0.3879,0.4417,0.4378,0.3844,0.275
22,17,0.299,0.3424,0.3107,0.2754,0.2691,0.3879,0.4417,0.4378,0.3844,0.275
22,21,0.299,0.3424,0.3107,0.2754,0.2691,0.3879,0.4417,0.4378,0.3844,0.275
22,17,0.299,0.3424,0.3107,0.2754,0.2691,0.3879,0.4417,0.4378,0.3844,0.275
22,29,0.299,0.3424,0.3107,0.2754,0.2691,0.3879,0.4417,0.4378,0.3844,0.275
23,5,0.2505,0.3094,0.263,0.2283,0.2303,0.3151,0.2871,0.141,0.2547,0.2233
23,5,0.2505,0.3094,0.263,0.2283,0.2303,0.3151,0.2871,0.141,0.2547,0.2233
23,6,0.2505,0.3094,0.263,0.2283,0.2303,0.3151,0.2871,0.141,0.2547,0.2233
23,6,0.2505,0.3094,0.263,0.2283,0.2303,0.3151,0.2871,0.141,0.2547,0.2233
23,9,0.2505,0.3094,0.263,0.2283,0.2303,0.3151,0.2871,0.141,0.2547,0.2233
23,6,0.2505,0.3094,0.263,0.2283,0.2303,0.3151,0.2871,0.141,0.2547,0.2233
23,11,0.2505,0.3094,0.263,0.2283,0.2303,0.3151,0.2871,0.141,0.2547,0.2233
23,3,0.2505,0.3094,0.263,0.2283,0.2303,0.3151,0.2871,0.141,0.2547,0.2233
23,7,0.2505,0.3094,0.263,0.2283,0.2303,0.3151,0.2871,0.141,0.2547,0.2233
23,3,0.2505,0.3094,0.263,0.2283,0.2303,0.3151,0.2871,0.141,0.2547,0.2233
24,36,0.3639,0.4043,0.3766,0.3365,0.3249,0.4776,0.5834,0.6544,0.505,0.3386
24,35,0.3639,0.4043,0.3766,0.3365,0.3249,0.4776,0.5834,0.6544,0.505,0.3386
24,30,0.3639,0.4043,0.3766,0.3365,0.3249,0.4776,0.5834,0.6544,0.505,0.3386
24,37,0.3639,0.4043,0.3766,0.3365,0.3249,0.4776,0.5834,0.6544,0.505,0.3386
24,30,0.3639,0.4043,0.3766,0.3365,0.3249,0.4776,0.5834,0.6544,0.505,0.3386
24,27,0.3639,0.4043,0.3766,0.3365,0.3249,0.4776,0.5834,0.6544,0.505,0.3386
24,32,0.3639,0.4043,0.3766,0.3365,0.3249,0.4776,0.5834,0.6544,0.505,0.3386
24,30,0.3639,0.4043,0.3766,0.3365,0.3249,0.4776,0.5834,0.6544,0.505,0.3386
24,36,0.3639,0.4043,0.3766,0.3365,0.3249,0.4776,0.5834,0.6544,0.505,0.3386
24,34,0.3639,0.4043,0.3766,0.3365,0.3249,0.4776,0.5834,0.6544,0.505,0.3386
25,7,0.2928,0.3535,0.3065,0.2678,0.2674,0.3719,0.3659,0.2446,0.3223,0.2636
25,9,0.2928,0.3535,0.3065,0.2678,0.2674,0.3719,0.3659,0.2446,0.3223,0.2636
25,13,0.2928,0.3535,0.3065,0.2678,0.2674,0.3719,0.3659,0.2446,0.3223,0.2636
25,11,0.2928,0.3535,0.3065,0.2678,0.2674,0.3719,0.3659,0.2446,0.3223,0.2636
25,13,0.2928,0.3535,0.3065,0.2678,0.2674,0.3719,0.3659,0.2446,0.3223,0.2636
25,5,0.2928,0.3535,0.3065,0.2678,0.2674,0.3719,0.3659,0.2446,0.3223,0.2636
25,14,0.2928,0.3535,0.3065,0.2678,0.2674,0.3719,0.3659,0.2446,0.3223,0.2636
25,15,0.2928,0.3535,0.3065,0.2678,0.2674,0.3719,0.3659,0.2446,0.3223,0.2636
25,15,0.2928,0.3535,0.3065,0.2678,0.2674,0.3719,0.3659,0.2446,0.3223,0.2636
25,8,0.2928,0.3535,0.3065,0.2678,0.2674,0.3719,0.3659,0.2446,0.3223,0.2636
26,2,0.2744,0.3443,0.2888,0.2496,0.2534,0.3429,0.2952,0.0985,0.2632,0.2431
26,4,0.2744,0.3443,0.2888,0.2496,0.2534,0.3429,0.2952,0.0985,0.2632,0.2431
26,6,0.2744,0.3443,0.2888,0.2496,0.2534,0.3429,0.2952,0.0985,0.2632,0.2431
26,3,0.2744,0.3443,0.2888,0.2496,0.2534,0.3429,0.2952,0.0985,0.2632,0.2431
26,2,0.2744,0.3443,0.2888,0.2496,0.2534,0.3429,0.2952,0.0985,0.2632,0.2431
26,4,0.2744,0.3443,0.2888,0.2496,0.2534,0.3429,0.2952,0.0985,0.2632,0.2431
26,1,0.2744,0.3443,0.2888,0.2496,0.2534,0.3429,0.2952,0.0985,0.2632,0.2431
26,3,0.2744,0.3443,0.2888,0.2496,0.2534,0.3429,0.2952,0.0985,0.2632,0.2431
26,8,0.2744,0.3443,0.2888,0.2496,0.2534,0.3429,0.2952,0.0985,0.2632,0.2431
26,2,0.2744,0.3443,0.2888,0.2496,0.2534,0.3429,0.2952,0.0985,0.2632,0.2431
27,30,0.3954,0.4451,0.4099,0.365,0.3542,0.5164,0.6124,0.6497,0.5313,0.366
27,32,0.3954,0.4451,0.4099,0.365,0.3542,0.5164,0.6124,0.6497,0.5313,0.366
27,34,0.3954,0.4451,0.4099,0.365,0.3542,0.5164,0.6124,0.6497,0.5313,0.366
27,25,0.3954,0.4451,0.4099,0.365,0.3542,0.5164,0.6124,0.6497,0.5313,0.366
27,36,0.3954,0.4451,0.4099,0.365,0.3542,0.5164,0.6124,0.6497,0.5313,0.366
27,39,0.3954,0.4451,0.4099,0.365,0.3542,0.5164,0.6124,0.6497,0.5313,0.366
27,33,0.3954,0.4451,0.4099,0.365,0.3542,0.5164,0.6124,0.6497,0.5313,0.366
27,24,0.3954,0.4451,0.4099,0.365,0.3542,0.5164,0.6124,0.6497,0.5313,0.366
27,24,0.3954,0.4451,0.4099,0.365,0.3542,0.5164,0.6124,0.6497,0.5313,0.366
27,34,0.3954,0.4451,0.4099,0.365,0.3542,0.5164,0.6124,0.6497,0.5313,0.366
28,16,0.3544,0.4181,0.3698,0.3252,0.3216,0.4545,0.4788,0.3905,0.4193,0.3222
28,23,0.3544,0.4181,0.3698,0.3252,0.3216,0.4545,0.4788,0.3905,0.4193,0.3222
28,20,0.3544,0.4181,0.3698,0.3252,0.3216,0.4545,0.4788,0.3905,0.4193,0.3222
28,12,0.3544,0.4181,0.3698,0.3252,0.3216,0.4545,0.4788,0.3905,0.4193,0.3222
28,24,0.3544,0.4181,0.3698,0.3252,0.3216,0.4545,0.4788,0.3905,0.4193,0.3222
28,12,0.3544,0.4181,0.3698,0.3252,0.3216,0.4545,0.4788,0.3905,0.4193,0.3222
28,15,0.3544,0.4181,0.3698,0.3252,0.3216,0.4545,0.4788,0.3905,0.4193,0.3222
28,12,0.3544,0.4181,0.3698,0.3252,0.3216,0.4545,0.4788,0.3905,0.4193,0.3222
28,27,0.3544,0.4181,0.3698,0.3252,0.3216,0.4545,0.4788,0.3905,0.4193,0.3222
28,22,0.3544,0.4181,0.3698,0.3252,0.3216,0.4545,0.4788,0.3905,0.4193,0.3222
29,7,0.3247,0.4,0.3409,0.2961,0.2983,0.409,0.3766,0.1879,0.3337,0.2899
29,11,0.3247,0.4,0.3409,0.2961,0.2983,0.409,0.3766,0.1879,0.3337,0.2899
29,4,0.3247,0.4,0.3409,0.2961,0.2983,0.409,0.3766,0.1879,0.3337,0.2899
29,7,0.3247,0.4,0.3409,0.2961,0.2983,0.409,0.3766,0.1879,0.3337,0.2899
29,3,0.3247,0.4,0.3409,0.2961,0.2983,0.409,0.3766,0.1879,0.3337,0.2899
29,8,0.3247,0.4,0.3409,0.2961,0.2983,0.409,0.3766,0.1879,0.3337,0.2899
29,9,0.3247,0.4,0.3409,0.2961,0.2983,0.409,0.3766,0.1879,0.3337,0.2899
29,12,0.3247,0.4,0.3409,0.2961,0.2983,0.409,0.3766,0.1879,0.3337,0.2899
29,9,0.3247,0.4,0.3409,0.2961,0.2983,0.409,0.3766,0.1879,0.3337,0.2899
29,5,0.3247,0.4,0.3409,0.2961,0.2983,0.409,0.3766,0.1879,0.3337,0.2899
30,28,0.4043,0.4681,0.4207,0.3718,0.365,0.5223,0.5785,0.5318,0.5045,0.3702
30,28,0.4043,0.4681,0.4207,0.3718,0.365,0.5223,0.5785,0.5318,0.5045,0.3702
30,32,0.4043,0.4681,0.4207,0.3718,0.365,0.5223,0.5785,0.5318,0.5045,0.3702
30,24,0.4043,0.4681,0.4207,0.3718,0.365,0.5223,0.5785,0.5318,0.5045,0.3702
30,26,0.4043,0.4681,0.4207,0.3718,0.365,0.5223,0.5785,0.5318,0.5045,0.3702
30,23,0.4043,0.4681,0.4207,0.3718,0.365,0.5223,0.5785,0.5318,0.5045,0.3702
30,20,0.4043,0.4681,0.4207,0.3718,0.365,0.5223,0.5785,0.5318,0.5045,0.3702
30,22,0.4043,0.4681,0.4207,0.3718,0.365,0.5223,0.5785,0.5318,0.5045,0.3702
30,36,0.4043,0.4681,0.4207,0.3718,0.365,0.5223,0.5785,0.5318,0.5045,0.3702
30,24,0.4043,0.4681,0.4207,0.3718,0.365,0.5223,0.5785,0.5318,0.5045,0.3702
31,20,0.401,0.4708,0.4181,0.3681,0.3634,0.5151,0.5498,0.4611,0.4809,0.3652
31,19,0.401,0.4708,0.4181,0.3681,0.3634,0.5151,0.5498,0.4611,0.4809,0.3652
31,23,0.401,0.4708,0.4181,0.3681,0.3634,0.5151,0.5498,0.4611,0.4809,0.3652
31,18,0.401,0.4708,0.4181,0.3681,0.3634,0.5151,0.5498,0.4611,0.4809,0.3652
31,32,0.401,0.4708,0.4181,0.3681,0.3634,0.5151,0.5498,0.4611,0.4809,0.3652
31,26,0.401,0.4708,0.4181,0.3681,0.3634,0.5151,0.5498,0.4611,0.4809,0.3652
31,14,0.401,0.4708,0.4181,0.3681,0.3634,0.5151,0.5498,0.4611,0.4809,0.3652
31,21,0.401,0.4708,0.4181,0.3681,0.3634,0.5151,0.5498,0.4611,0.4809,0.3652
31,22,0.401,0.4708,0.4181,0.3681,0.3634,0.5151,0.5498,0.4611,0.4809,0.3652
31,28,0.401,0.4708,0.4181,0.3681,0.3634,0.5151,0.5498,0.4611,0.4809,0.3652
32,10,0.3713,0.4527,0.3892,0.3391,0.34,0.4697,0.4476,0.2585,0.3954,0.3329
32,12,0.3713,0.4527,0.3892,0.3391,0.34,0.4697,0.4476,0.2585,0.3954,0.3329
32,13,0.3713,0.4527,0.3892,0.3391,0.34,0.4697,0.4476,0.2585,0.3954,0.3329
32,12,0.3713,0.4527,0.3892,0.3391,0.34,0.4697,0.4476,0.2585,0.3954,0.3329
32,15,0.3713,0.4527,0.3892,0.3391,0.34,0.4697,0.4476,0.2585,0.3954,0.3329
32,10,0.3713,0.4527,0.3892,0.3391,0.34,0.4697,0.4476,0.2585,0.3954,0.3329
32,14,0.3713,0.4527,0.3892,0.3391,0.34,0.4697,0.4476,0.2585,0.3954,0.3329
32,9,0.3713,0.4527,0.3892,0.3391,0.34,0.4697,0.4476,0.2585,0.3954,0.3329
32,15,0.3713,0.4527,0.3892,0.3391,0.34,0.4697,0.4476,0.2585,0.3954,0.3329
32,9,0.3713,0.4527,0.3892,0.3391,0.34,0.4697,0.4476,0.2585,0.3954,0.3329
33,19,0.447,0.5178,0.4653,0.4111,0.4036,0.5775,0.639,0.5836,0.5573,0.4093
33,20,0.447,0.5178,0.4653,0.4111,0.4036,0.5775,0.639,0.5836,0.5573,0.4093
33,26,0.447,0.5178,0.4653,0.4111,0.4036,0.5775,0.639,0.5836,0.5573,0.4093
33,35,0.447,0.5178,0.4653,0.4111,0.4036,0.5775,0.639,0.5836,0.5573,0.4093
33,28,0.447,0.5178,0.4653,0.4111,0.4036,0.5775,0.639,0.5836,0.5573,0.4093
33,35,0.447,0.5178,0.4653,0.4111,0.4036,0.5775,0.639,0.5836,0.5573,0.4093
33,27,0.447,0.5178,0.4653,0.4111,0.4036,0.5775,0.639,0.5836,0.5573,0.4093
33,23,0.447,0.5178,0.4653,0.4111,0.4036,0.5775,0.639,0.5836,0.5573,0.4093
33,29,0.447,0.5178,0.4653,0.4111,0.4036,0.5775,0.639,0.5836,0.5573,0.4093
33,28,0.447,0.5178,0.4653,0.4111,0.4036,0.5775,0.639,0.5836,0.5573,0.4093
34,7,0.4061,0.4908,0.4251,0.3713,0.371,0.5156,0.5054,0.3245,0.4453,0.3655
34,3,0.4061,0.4908,0.4251,0.3713,0.371,0.5156,0.5054,0.3245,0.4453,0.3655
34,12,0.4061,0.4908,0.4251,0.3713,0.371,0.5156,0.5054,0.3245,0.4453,0.3655
34,12,0.4061,0.4908,0.4251,0.3713,0.371,0.5156,0.5054,0.3245,0.4453,0.3655
34,12,0.4061,0.4908,0.4251,0.3713,0.371,0.5156,0.5054,0.3245,0.4453,0.3655
34,14,0.4061,0.4908,0.4251,0.3713,0.371,0.5156,0.5054,0.3245,0.4453,0.3655
34,8,0.4061,0.4908,0.4251,0.3713,0.371,0.5156,0.5054,0.3245,0.4453,0.3655
34,6,0.4061,0.4908,0.4251,0.3713,0.371,0.5156,0.5054,0.3245,0.4453,0.3655
34,9,0.4061,0.4908,0.4251,0.3713,0.371,0.5156,0.5054,0.3245,0.4453,0.3655
34,17,0.4061,0.4908,0.4251,0.3713,0.371,0.5156,0.5054,0.3245,0.4453,0.3655
35,15,0.4028,0.4935,0.4225,0.3676,0.3694,0.5084,0.4766,0.2538,0.4216,0.3604
35,9,0.4028,0.4935,0.4225,0.3676,0.3694,0.5084,0.4766,0.2538,0.4216,0.3604
35,14,0.4028,0.4935,0.4225,0.3676,0.3694,0.5084,0.4766,0.2538,0.4216,0.3604
35,9,0.4028,0.4935,0.4225,0.3676,0.3694,0.5084,0.4766,0.2538,0.4216,0.3604
35,9,0.4028,0.4935,0.4225,0.3676,0.3694,0.5084,0.4766,0.2538,0.4216,0.3604
35,8,0.4028,0.4935,0.4225,0.3676,0.3694,0.5084,0.4766,0.2538,0.4216,0.3604
35,14,0.4028,0.4935,0.4225,0.3676,0.3694,0.5084,0.4766,0.2538,0.4216,0.3604
35,11,0.4028,0.4935,0.4225,0.3676,0.3694,0.5084,0.4766,0.2538,0.4216,0.3604
35,10,0.4028,0.4935,0.4225,0.3676,0.3694,0.5084,0.4766,0.2538,0.4216,0.3604
35,9,0.4028,0.4935,0.4225,0.3676,0.3694,0.5084,0.4766,0.2538,0.4216,0.3604
36,15,0.4333,0.5229,0.4536,0.3963,0.3957,0.5505,0.5422,0.3527,0.4775,0.3902
36,16,0.4333,0.5229,0.4536,0.3963,0.3957,0.5505,0.5422,0.3527,0.4775,0.3902
36,14,0.4333,0.5229,0.4536,0.3963,0.3957,0.5505,0.5422,0.3527,0.4775,0.3902
36,17,0.4333,0.5229,0.4536,0.3963,0.3957,0.5505,0.5422,0.3527,0.4775,0.3902
36,9,0.4333,0.5229,0.4536,0.3963,0.3957,0.5505,0.5422,0.3527,0.4775,0.3902
36,12,0.4333,0.5229,0.4536,0.3963,0.3957,0.5505,0.5422,0.3527,0.4775,0.3902
36,9,0.4333,0.5229,0.4536,0.3963,0.3957,0.5505,0.5422,0.3527,0.4775,0.3902
36,15,0.4333,0.5229,0.4536,0.3963,0.3957,0.5505,0.5422,0.3527,0.4775,0.3902
36,15,0.4333,0.5229,0.4536,0.3963,0.3957,0.5505,0.5422,0.3527,0.4775,0.3902
36,16,0.4333,0.5229,0.4536,0.3963,0.3957,0.5505,0.5422,0.3527,0.4775,0.3902
37,8,0.43,0.5256,0.4509,0.3926,0.3941,0.5434,0.5135,0.282,0.4539,0.3852
37,16,0.43,0.5256,0.4509,0.3926,0.3941,0.5434,0.5135,0.282,0.4539,0.3852
37,13,0.43,0.5256,0.4509,0.3926,0.3941,0.5434,0.5135,0.282,0.4539,0.3852
37,13,0.43,0.5256,0.4509,0.3926,0.3941,0.5434,0.5135,0.282,0.4539,0.3852
37,9,0.43,0.5256,0.4509,0.3926,0.3941,0.5434,0.5135,0.282,0.4539,0.3852
37,7,0.43,0.5256,0.4509,0.3926,0.3941,0.5434,0.5135,0.282,0.4539,0.3852
37,9,0.43,0.5256,0.4509,0.3926,0.3941,0.5434,0.5135,0.282,0.4539,0.3852
37,10,0.43,0.5256,0.4509,0.3926,0.3941,0.5434,0.5135,0.282,0.4539,0.3852
37,7,0.43,0.5256,0.4509,0.3926,0.3941,0.5434,0.5135,0.282,0.4539,0.3852
37,12,0.43,0.5256,0.4509,0.3926,0.3941,0.5434,0.5135,0.282,0.4539,0.3852
38,2,0.4229,0.5254,0.4445,0.3852,0.3894,0.5308,0.4742,0.1925,0.4214,0.3762
38,4,0.4229,0.5254,0.4445,0.3852,0.3894,0.5308,0.4742,0.1925,0.4214,0.3762
38,7,0.4229,0.5254,0.4445,0.3852,0.3894,0.5308,0.4742,0.1925,0.4214,0.3762
38,6,0.4229,0.5254,0.4445,0.3852,0.3894,0.5308,0.4742,0.1925,0.4214,0.3762
38,5,0.4229,0.5254,0.4445,0.3852,0.3894,0.5308,0.4742,0.1925,0.4214,0.3762
38,5,0.4229,0.5254,0.4445,0.3852,0.3894,0.5308,0.4742,0.1925,0.4214,0.3762
38,1,0.4229,0.5254,0.4445,0.3852,0.3894,0.5308,0.4742,0.1925,0.4214,0.3762
38,3,0.4229,0.5254,0.4445,0.3852,0.3894,0.5308,0.4742,0.1925,0.4214,0.3762
38,3,0.4229,0.5254,0.4445,0.3852,0.3894,0.5308,0.4742,0.1925,0.4214,0.3762
38,7,0.4229,0.5254,0.4445,0.3852,0.3894,0.5308,0.4742,0.1925,0.4214,0.3762
39,20,0.5175,0.6054,0.5393,0.4754,0.4685,0.6659,0.7181,0.6117,0.6276,0.472
39,27,0.5175,0.6054,0.5393,0.4754,0.4685,0.6659,0.7181,0.6117,0.6276,0.472
39,20,0.5175,0.6054,0.5393,0.4754,0.4685,0.6659,0.7181,0.6117,0.6276,0.472
39,27,0.5175,0.6054,0.5393,0.4754,0.4685,0.6659,0.7181,0.6117,0.6276,0.472
39,30,0.5175,0.6054,0.5393,0.4754,0.4685,0.6659,0.7181,0.6117,0.6276,0.472
39,35,0.5175,0.6054,0.5393,0.4754,0.4685,0.6659,0.7181,0.6117,0.6276,0.472
39,29,0.5175,0.6054,0.5393,0.4754,0.4685,0.6659,0.7181,0.6117,0.6276,0.472
39,26,0.5175,0.6054,0.5393,0.4754,0.4685,0.6659,0.7181,0.6117,0.6276,0.472
39,33,0.5175,0.6054,0.5393,0.4754,0.4685,0.6659,0.7181,0.6117,0.6276,0.472
39,24,0.5175,0.6054,0.5393,0.4754,0.4685,0.6659,0.7181,0.6117,0.6276,0.472
40,11,0.4803,0.5813,0.5029,0.4391,0.439,0.6095,0.5949,0.3714,0.5244,0.4321
40,15,0.4803,0.5813,0.5029,0.4391,0.439,0.6095,0.5949,0.3714,0.5244,0.4321
40,20,0.4803,0.5813,0.5029,0.4391,0.439,0.6095,0.5949,0.3714,0.5244,0.4321
40,17,0.4803,0.5813,0.5029,0.4391,0.439,0.6095,0.5949,0.3714,0.5244,0.4321
40,11,0.4803,0.5813,0.5029,0.4391,0.439,0.6095,0.5949,0.3714,0.5244,0.4321
40,12,0.4803,0.5813,0.5029,0.4391,0.439,0.6095,0.5949,0.3714,0.5244,0.4321
40,14,0.4803,0.5813,0.5029,0.4391,0.439,0.6095,0.5949,0.3714,0.5244,0.4321
40,21,0.4803,0.5813,0.5029,0.4391,0.439,0.6095,0.5949,0.3714,0.5244,0.4321
40,13,0.4803,0.5813,0.5029,0.4391,0.439,0.6095,0.5949,0.3714,0.5244,0.4321
40,19,0.4803,0.5813,0.5029,0.4391,0.439,0.6095,0.5949,0.3714,0.5244,0.4321
41,4,0.4507,0.5632,0.474,0.4101,0.4157,0.564,0.4928,0.1688,0.4388,0.3998
41,8,0.4507,0.5632,0.474,0.4101,0.4157,0.564,0.4928,0.1688,0.4388,0.3998
41,5,0.4507,0.5632,0.474,0.4101,0.4157,0.564,0.4928,0.1688,0.4388,0.3998
41,2,0.4507,0.5632,0.474,0.4101,0.4157,0.564,0.4928,0.1688,0.4388,0.3998
41,0,0.4507,0.5632,0.474,0.4101,0.4157,0.564,0.4928,0.1688,0.4388,0.3998
41,3,0.4507,0.5632,0.474,0.4101,0.4157,0.564,0.4928,0.1688,0.4388,0.3998
41,4,0.4507,0.5632,0.474,0.4101,0.4157,0.564,0.4928,0.1688,0.4388,0.3998
41,2,0.4507,0.5632,0.474,0.4101,0.4157,0.564,0.4928,0.1688,0.4388,0.3998
41,4,0.4507,0.5632,0.474,0.4101,0.4157,0.564,0.4928,0.1688,0.4388,0.3998
41,3,0.4507,0.5632,0.474,0.4101,0.4157,0.564,0.4928,0.1688,0.4388,0.3998
42,12,0.5038,0.6105,0.5276,0.4605,0.4606,0.639,0.6213,0.3808,0.5478,0.453
42,8,0.5038,0.6105,0.5276,0.4605,0.4606,0.639,0.6213,0.3808,0.5478,0.453
42,14,0.5038,0.6105,0.5276,0.4605,0.4606,0.639,0.6213,0.3808,0.5478,0.453
42,15,0.5038,0.6105,0.5276,0.4605,0.4606,0.639,0.6213,0.3808,0.5478,0.453
42,11,0.5038,0.6105,0.5276,0.4605,0.4606,0.639,0.6213,0.3808,0.5478,0.453
42,12,0.5038,0.6105,0.5276,0.4605,0.4606,0.639,0.6213,0.3808,0.5478,0.453
42,20,0.5038,0.6105,0.5276,0.4605,0.4606,0.639,0.6213,0.3808,0.5478,0.453
42,15,0.5038,0.6105,0.5276,0.4605,0.4606,0.639,0.6213,0.3808,0.5478,0.453
42,14,0.5038,0.6105,0.5276,0.4605,0.4606,0.639,0.6213,0.3808,0.5478,0.453
42,15,0.5038,0.6105,0.5276,0.4605,0.4606,0.639,0.6213,0.3808,0.5478,0.453
43,24,0.5306,0.637,0.555,0.4857,0.4839,0.6756,0.6764,0.4609,0.5948,0.4789
43,23,0.5306,0.637,0.555,0.4857,0.4839,0.6756,0.6764,0.4609,0.5948,0.4789
43,18,0.5306,0.637,0.555,0.4857,0.4839,0.6756,0.6764,0.4609,0.5948,0.4789
43,15,0.5306,0.637,0.555,0.4857,0.4839,0.6756,0.6764,0.4609,0.5948,0.4789
43,20,0.5306,0.637,0.555,0.4857,0.4839,0.6756,0.6764,0.4609,0.5948,0.4789
43,19,0.5306,0.637,0.555,0.4857,0.4839,0.6756,0.6764,0.4609,0.5948,0.4789
43,9,0.5306,0.637,0.555,0.4857,0.4839,0.6756,0.6764,0.4609,0.5948,0.4789
43,17,0.5306,0.637,0.555,0.4857,0.4839,0.6756,0.6764,0.4609,0.5948,0.4789
43,25,0.5306,0.637,0.555,0.4857,0.4839,0.6756,0.6764,0.4609,0.5948,0.4789
43,18,0.5306,0.637,0.555,0.4857,0.4839,0.6756,0.6764,0.4609,0.5948,0.4789
44,2,0.4821,0.604,0.5073,0.4386,0.445,0.6028,0.5218,0.1641,0.4651,0.4273
44,2,0.4821,0.604,0.5073,0.4386,0.445,0.6028,0.5218,0.1641,0.4651,0.4273
44,1,0.4821,0.604,0.5073,0.4386,0.445,0.6028,0.5218,0.1641,0.4651,0.4273
44,3,0.4821,0.604,0.5073,0.4386,0.445,0.6028,0.5218,0.1641,0.4651,0.4273
44,5,0.4821,0.604,0.5073,0.4386,0.445,0.6028,0.5218,0.1641,0.4651,0.4273
44,2,0.4821,0.604,0.5073,0.4386,0.445,0.6028,0.5218,0.1641,0.4651,0.4273
44,4,0.4821,0.604,0.5073,0.4386,0.445,0.6028,0.5218,0.1641,0.4651,0.4273
44,1,0.4821,0.604,0.5073,0.4386,0.445,0.6028,0.5218,0.1641,0.4651,0.4273
44,1,0.4821,0.604,0.5073,0.4386,0.445,0.6028,0.5218,0.1641,0.4651,0.4273
44,3,0.4821,0.604,0.5073,0.4386,0.445,0.6028,0.5218,0.1641,0.4651,0.4273
45,24,0.5767,0.684,0.6022,0.5287,0.5241,0.738,0.7656,0.5833,0.6713,0.5231
45,16,0.5767,0.684,0.6022,0.5287,0.5241,0.738,0.7656,0.5833,0.6713,0.5231
45,21,0.5767,0.684,0.6022,0.5287,0.5241,0.738,0.7656,0.5833,0.6713,0.5231
45,19,0.5767,0.684,0.6022,0.5287,0.5241,0.738,0.7656,0.5833,0.6713,0.5231
45,19,0.5767,0.684,0.6022,0.5287,0.5241,0.738,0.7656,0.5833,0.6713,0.5231
45,35,0.5767,0.684,0.6022,0.5287,0.5241,0.738,0.7656,0.5833,0.6713,0.5231
45,26,0.5767,0.684,0.6022,0.5287,0.5241,0.738,0.7656,0.5833,0.6713,0.5231
45,21,0.5767,0.684,0.6022,0.5287,0.5241,0.738,0.7656,0.5833,0.6713,0.5231
45,19,0.5767,0.684,0.6022,0.5287,0.5241,0.738,0.7656,0.5833,0.6713,0.5231
45,30,0.5767,0.684,0.6022,0.5287,0.5241,0.738,0.7656,0.5833,0.6713,0.5231
46,17,0.5847,0.6956,0.6108,0.5358,0.5318,0.7472,0.7683,0.5692,0.6742,0.5297
46,26,0.5847,0.6956,0.6108,0.5358,0.5318,0.7472,0.7683,0.5692,0.6742,0.5297
46,17,0.5847,0.6956,0.6108,0.5358,0.5318,0.7472,0.7683,0.5692,0.6742,0.5297
46,26,0.5847,0.6956,0.6108,0.5358,0.5318,0.7472,0.7683,0.5692,0.6742,0.5297
46,27,0.5847,0.6956,0.6108,0.5358,0.5318,0.7472,0.7683,0.5692,0.6742,0.5297
46,20,0.5847,0.6956,0.6108,0.5358,0.5318,0.7472,0.7683,0.5692,0.6742,0.5297
46,21,0.5847,0.6956,0.6108,0.5358,0.5318,0.7472,0.7683,0.5692,0.6742,0.5297
46,26,0.5847,0.6956,0.6108,0.5358,0.5318,0.7472,0.7683,0.5692,0.6742,0.5297
46,19,0.5847,0.6956,0.6108,0.5358,0.5318,0.7472,0.7683,0.5692,0.6742,0.5297
46,26,0.5847,0.6956,0.6108,0.5358,0.5318,0.7472,0.7683,0.5692,0.6742,0.5297
47,4,0.5362,0.6626,0.5631,0.4888,0.493,0.6744,0.6138,0.2724,0.5444,0.478
47,4,0.5362,0.6626,0.5631,0.4888,0.493,0.6744,0.6138,0.2724,0.5444,0.478
47,6,0.5362,0.6626,0.5631,0.4888,0.493,0.6744,0.6138,0.2724,0.5444,0.478
47,9,0.5362,0.6626,0.5631,0.4888,0.493,0.6744,0.6138,0.2724,0.5444,0.478
47,5,0.5362,0.6626,0.5631,0.4888,0.493,0.6744,0.6138,0.2724,0.5444,0.478
47,8,0.5362,0.6626,0.5631,0.4888,0.493,0.6744,0.6138,0.2724,0.5444,0.478
47,9,0.5362,0.6626,0.5631,0.4888,0.493,0.6744,0.6138,0.2724,0.5444,0.478
47,4,0.5362,0.6626,0.5631,0.4888,0.493,0.6744,0.6138,0.2724,0.5444,0.478
47,5,0.5362,0.6626,0.5631,0.4888,0.493,0.6744,0.6138,0.2724,0.5444,0.478
47,10,0.5362,0.6626,0.5631,0.4888,0.493,0.6744,0.6138,0.2724,0.5444,0.478
48,16,0.5894,0.7099,0.6167,0.5392,0.5379,0.7493,0.7423,0.4843,0.6534,0.5312
48,19,0.5894,0.7099,0.6167,0.5392,0.5379,0.7493,0.7423,0.4843,0.6534,0.5312
48,17,0.5894,0.7099,0.6167,0.5392,0.5379,0.7493,0.7423,0.4843,0.6534,0.5312
48,15,0.5894,0.7099,0.6167,0.5392,0.5379,0.7493,0.7423,0.4843,0.6534,0.5312
48,18,0.5894,0.7099,0.6167,0.5392,0.5379,0.7493,0.7423,0.4843,0.6534,0.5312
48,16,0.5894,0.7099,0.6167,0.5392,0.5379,0.7493,0.7423,0.4843,0.6534,0.5312
48,17,0.5894,0.7099,0.6167,0.5392,0.5379,0.7493,0.7423,0.4843,0.6534,0.5312
48,20,0.5894,0.7099,0.6167,0.5392,0.5379,0.7493,0.7423,0.4843,0.6534,0.5312
48,11,0.5894,0.7099,0.6167,0.5392,0.5379,0.7493,0.7423,0.4843,0.6534,0.5312
48,11,0.5894,0.7099,0.6167,0.5392,0.5379,0.7493,0.7423,0.4843,0.6534,0.5312
49,13,0.5785,0.7067,0.6066,0.5282,0.5301,0.7312,0.6925,0.376,0.612,0.5183
49,9,0.5785,0.7067,0.6066,0.5282,0.5301,0.7312,0.6925,0.376,0.612,0.5183
49,12,0.5785,0.7067,0.6066,0.5282,0.5301,0.7312,0.6925,0.376,0.612,0.5183
49,5,0.5785,0.7067,0.6066,0.5282,0.5301,0.7312,0.6925,0.376,0.612,0.5183
49,14,0.5785,0.7067,0.6066,0.5282,0.5301,0.7312,0.6925,0.376,0.612,0.5183
49,13,0.5785,0.7067,0.6066,0.5282,0.5301,0.7312,0.6925,0.376,0.612,0.5183
49,8,0.5785,0.7067,0.6066,0.5282,0.5301,0.7312,0.6925,0.376,0.612,0.5183
49,10,0.5785,0.7067,0.6066,0.5282,0.5301,0.7312,0.6925,0.376,0.612,0.5183
49,10,0.5785,0.7067,0.6066,0.5282,0.5301,0.7312,0.6925,0.376,0.612,0.5183
49,13,0.5785,0.7067,0.6066,0.5282,0.5301,0.7312,0.6925,0.376,0.612,0.5183
50,15,0.5828,0.7153,0.6114,0.5317,0.5348,0.735,0.6847,0.343,0.6061,0.521
50,7,0.5828,0.7153,0.6114,0.5317,0.5348,0.735,0.6847,0.343,0.6061,0.521
50,9,0.5828,0.7153,0.6114,0.5317,0.5348,0.735,0.6847,0.343,0.6061,0.521
50,7,0.5828,0.7153,0.6114,0.5317,0.5348,0.735,0.6847,0.343,0.6061,0.521
50,11,0.5828,0.7153,0.6114,0.5317,0.5348,0.735,0.6847,0.343,0.6061,0.521
50,16,0.5828,0.7153,0.6114,0.5317,0.5348,0.735,0.6847,0.343,0.6061,0.521
50,10,0.5828,0.7153,0.6114,0.5317,0.5348,0.735,0.6847,0.343,0.6061,0.521
50,7,0.5828,0.7153,0.6114,0.5317,0.5348,0.735,0.6847,0.343,0.6061,0.521
50,4,0.5828,0.7153,0.6114,0.5317,0.5348,0.735,0.6847,0.343,0.6061,0.521
50,11,0.5828,0.7153,0.6114,0.5317,0.5348,0.735,0.6847,0.343,0.6061,0.521
